{
  "version": 1,
  "author": "Uri Shaked",
  "editor": "wokwi",
  "parts": [
    { "type": "wokwi-arduino-uno", "id": "uno", "top": 257.95, "left": -81.09, "attrs": {} },
    {
      "type": "wokwi-led",
      "id": "led1",
      "top": -79.76,
      "left": 160.17,
      "attrs": { "color": "red" }
    },
    { "type": "wokwi-resistor", "id": "r1", "top": 122, "left": 184, "rotate": 90, "attrs": {} },
    {
      "type": "wokwi-resistor",
      "id": "r2",
      "top": 113.6,
      "left": 160.26,
      "rotate": 90,
      "attrs": {}
    },
    {
      "type": "wokwi-resistor",
      "id": "r3",
      "top": 91.96,
      "left": 144.51,
      "rotate": 90,
      "attrs": {}
    },
    {
      "type": "wokwi-resistor",
      "id": "r4",
      "top": 78.14,
      "left": 125.06,
      "rotate": 90,
      "attrs": {}
    },
    {
      "type": "wokwi-resistor",
      "id": "r5",
      "top": 62.27,
      "left": 112.27,
      "rotate": 90,
      "attrs": {}
    },
    {
      "type": "wokwi-resistor",
      "id": "r6",
      "top": 56.27,
      "left": 69.6,
      "rotate": 90,
      "attrs": {}
    },
    {
      "type": "wokwi-resistor",
      "id": "r7",
      "top": 70.27,
      "left": 52.94,
      "rotate": 90,
      "attrs": {}
    },
    {
      "type": "wokwi-resistor",
      "id": "r8",
      "top": 88.93,
      "left": 36.27,
      "rotate": 90,
      "attrs": {}
    },
    {
      "type": "wokwi-led",
      "id": "led2",
      "top": -79.87,
      "left": 105.32,
      "attrs": { "color": "red" }
    },
    {
      "type": "wokwi-led",
      "id": "led3",
      "top": -78.9,
      "left": 77.24,
      "attrs": { "color": "red" }
    },
    {
      "type": "wokwi-led",
      "id": "led4",
      "top": -79.87,
      "left": 50.15,
      "attrs": { "color": "red" }
    },
    {
      "type": "wokwi-led",
      "id": "led5",
      "top": -79.27,
      "left": 26.6,
      "attrs": { "color": "red" }
    },
    {
      "type": "wokwi-led",
      "id": "led6",
      "top": -80.85,
      "left": 215.22,
      "attrs": { "color": "red" }
    },
    {
      "type": "wokwi-led",
      "id": "led7",
      "top": -80.29,
      "left": 186.61,
      "attrs": { "color": "red" }
    },
    {
      "type": "wokwi-slide-potentiometer",
      "id": "pot1",
      "top": 115.18,
      "left": -187.93,
      "attrs": { "travelLength": "30" }
    },
    {
      "type": "wokwi-led",
      "id": "led8",
      "top": -79.43,
      "left": 133.71,
      "attrs": { "color": "red" }
    }
  ],
  "connections": [
    [ "uno:0", "r1:2", "green", [ "v0" ] ],
    [ "r2:2", "uno:1", "green", [ "h0" ] ],
    [ "r3:2", "uno:2", "green", [ "h0" ] ],
    [ "uno:3", "r4:2", "green", [ "v0" ] ],
    [ "uno:4", "r5:2", "green", [ "v0" ] ],
    [ "r6:2", "uno:5", "green", [ "h0" ] ],
    [ "r7:2", "uno:6", "green", [ "h0" ] ],
    [ "r8:2", "uno:7", "green", [ "h0" ] ],
    [ "r1:1", "led6:A", "green", [ "h0" ] ],
    [ "led7:A", "r2:1", "green", [ "v0" ] ],
    [ "r3:1", "led1:A", "green", [ "h0" ] ],
    [ "r5:1", "led2:A", "green", [ "h0" ] ],
    [ "led3:A", "r6:1", "green", [ "v0" ] ],
    [ "led4:A", "r7:1", "green", [ "v0" ] ],
    [ "led5:A", "r8:1", "green", [ "v0" ] ],
    [ "led5:C", "led4:C", "green", [ "v12.4", "h19.23" ] ],
    [ "led3:C", "led4:C", "green", [ "v14.97", "h-24.66", "v-1.39" ] ],
    [ "led2:C", "led3:C", "green", [ "v9.97", "h-28.38" ] ],
    [ "led1:C", "led2:C", "green", [ "v10.73", "h-31.87" ] ],
    [ "led7:C", "led1:C", "green", [ "v11.53", "h-28.1" ] ],
    [ "led6:C", "led7:C", "green", [ "v3.65", "h-30.39" ] ],
    [ "uno:GND.1", "led5:C", "black", [ "v0" ] ],
    [ "led8:C", "led2:C", "green", [ "v11.38", "h-26.29" ] ],
    [ "led8:A", "r4:1", "green", [ "v0" ] ],
    [ "pot1:SIG", "uno:A0", "green", [ "h-14.99", "v334.65", "h345.65" ] ],
    [ "uno:5V", "pot1:GND", "red", [ "v28.64", "h-195.27", "v-267.25", "h176.11" ] ],
    [ "pot1:VCC", "uno:GND.2", "red", [ "h-39.82", "v344.29", "h276.44" ] ]
  ],
  "dependencies": {}
}